{"cameraMode":{"drawMode":0,"name":"Shaded","section":"Shading Mode"},"sceneLighting":true,"audioPlay":false,"sceneViewState":{"showFog":false,"showMaterialUpdate":false,"showSkybox":false,"showFlares":false,"showImageEffects":false,"showParticleSystems":false},"in2DMode":false,"pivot":{"x":1165.2838134765625,"y":475.5497741699219,"z":338.92236328125},"rotation":{"x":-0.012309388257563115,"y":-0.0024025195743888618,"z":0.00002956701246148441,"w":-0.9999201893806458},"size":1621.771240234375,"orthographic":false}